<beans xmlns="http://www.springframework.org/schema/beans"
	xmlns:xsi="http://www.w3.org/2001/XMLSchema-instance" 
	xmlns:aop="http://www.springframework.org/schema/aop"
	xsi:schemaLocation="http://www.springframework.org/schema/beans
	http://www.springframework.org/schema/beans/spring-beans-3.0.xsd 
	http://www.springframework.org/schema/aop 
	http://www.springframework.org/schema/aop/spring-aop-3.0.xsd "> 


 <aop:aspectj-autoproxy />

       <bean id="jdbcTemplate" class="org.springframework.jdbc.core.JdbcTemplate">
              <property name="dataSource" ref="dataSource" />
       </bean>
       
       <bean id="dataSource" class="org.springframework.jdbc.datasource.DriverManagerDataSource">
              <property name="driverClassName" value="com.mysql.jdbc.Driver" />
              <property name="url" value="jdbc:mysql://localhost:3306/Spring" />
              <property name="username" value="root" />
              <property name="password" value="" />
       </bean>
       
       <bean id="empDAO" class="com.sapient.dao.EmployeeDAOImpl" autowire="byType">
       </bean>
       
       <bean id="LogAspect" class="com.sapient.logging.LoggingAspect"></bean>
       
</beans>
